Tournament,Year,Age,Belt,Gender,Weight Class,Placing,Competitor Name,Academy Name
European IBJJF Jiu-Jitsu No-Gi Championship ,2012,Adult,Black,Male,Feather,1,Maxmiliano Oliveira Campos,CheckMat
European IBJJF Jiu-Jitsu No-Gi Championship ,2012,Adult,Black,Male,Light,1,Theodoro Gabriel Canal Almeida,GF Team
European IBJJF Jiu-Jitsu No-Gi Championship ,2012,Adult,Black,Male,Middle,1,Michael Alexandre Langhi,Alliance SP
European IBJJF Jiu-Jitsu No-Gi Championship ,2012,Adult,Black,Male,Medium-Heavy,1,Eduardo Rios,Frontline Academy
European IBJJF Jiu-Jitsu No-Gi Championship ,2012,Adult,Black,Male,Heavy,1,Dimitrius Soares Souza,Alliance SP
European IBJJF Jiu-Jitsu No-Gi Championship ,2012,Adult,Black,Male,Super-Heavy,1,Bernardo Augusto Rocha de Faria,Alliance
European IBJJF Jiu-Jitsu No-Gi Championship ,2012,Adult,Black,Male,Ultra-Heavy,1,Thiago Jorge Borges,Cia Paulista - International
European IBJJF Jiu-Jitsu No-Gi Championship ,2012,Adult,Black,Male,Open Class,1,Bernardo Augusto Rocha de Faria,Alliance
European IBJJF Jiu-Jitsu No-Gi Championship ,2012,Adult,Black,Male,Feather,2,Gabriel Marangoni de Oliveira,CheckMat
European IBJJF Jiu-Jitsu No-Gi Championship ,2012,Adult,Black,Male,Light,2,Andrew Paul Roberts,Andy Roberts BJJ
European IBJJF Jiu-Jitsu No-Gi Championship ,2012,Adult,Black,Male,Middle,2,Matheus Carmona Pequeno de Barros,Akxe BJJ
European IBJJF Jiu-Jitsu No-Gi Championship ,2012,Adult,Black,Male,Medium-Heavy,2,Lucio Sergio dos Santos,Gracie Barra
European IBJJF Jiu-Jitsu No-Gi Championship ,2012,Adult,Black,Male,Heavy,2,Renato Tavares de Moraes,Frontline Academy
European IBJJF Jiu-Jitsu No-Gi Championship ,2012,Adult,Black,Male,Ultra-Heavy,2,Igor Silva,GF Team
European IBJJF Jiu-Jitsu No-Gi Championship ,2012,Adult,Black,Male,Open Class,2,Dimitrius Soares Souza,Alliance SP
European IBJJF Jiu-Jitsu No-Gi Championship ,2012,Adult,Black,Male,Feather,3,Cristofer Martin Barrios,Icon Jiu-Jitsu Team
European IBJJF Jiu-Jitsu No-Gi Championship ,2012,Adult,Black,Male,Feather,3,Simone Franceschini,Cyclone
European IBJJF Jiu-Jitsu No-Gi Championship ,2012,Adult,Black,Male,Light,3,Maciej Grzegorz Polok,Gracie Barra
European IBJJF Jiu-Jitsu No-Gi Championship ,2012,Adult,Black,Male,Middle,3,Nic Ruben Nikolaisen,Frontline Academy
European IBJJF Jiu-Jitsu No-Gi Championship ,2012,Adult,Black,Male,Middle,3,Oliver Leys Geddes,Roger Gracie Academy
European IBJJF Jiu-Jitsu No-Gi Championship ,2012,Adult,Black,Male,Medium-Heavy,3,Clark Rouson Gracie,Clark Gracie Team
European IBJJF Jiu-Jitsu No-Gi Championship ,2012,Adult,Black,Male,Medium-Heavy,3,Maximiliano de Figueiredo Carvalho,Gracie Barra
European IBJJF Jiu-Jitsu No-Gi Championship ,2012,Adult,Black,Male,Heavy,3,Alfredo Merelo Aguilera,Brasa
European IBJJF Jiu-Jitsu No-Gi Championship ,2012,Adult,Black,Male,Heavy,3,Marcelo da Silva Bernardo,United BJJ
European IBJJF Jiu-Jitsu No-Gi Championship ,2012,Adult,Black,Male,Ultra-Heavy,3,John Michael C Dequick,Malicia Team
European IBJJF Jiu-Jitsu No-Gi Championship ,2012,Adult,Black,Male,Open Class,3,Maximiliano de Figueiredo Carvalho,Gracie Barra
European IBJJF Jiu-Jitsu No-Gi Championship ,2012,Adult,Black,Male,Open Class,3,Renato Tavares de Moraes,Frontline Academy
European IBJJF Jiu-Jitsu No-Gi Championship ,2012,Adult,Black,Female,Middle,1,Esther Huong Tang,Team Lagarto
European IBJJF Jiu-Jitsu No-Gi Championship ,2012,Adult,Black,Female,Open Class,1,Esther Huong Tang,Team Lagarto
European IBJJF Jiu-Jitsu No-Gi Championship ,2013,Adult,Black,Male,Light-Feather,1,Caio Terra,Brasa
European IBJJF Jiu-Jitsu No-Gi Championship ,2013,Adult,Black,Male,Feather,1,Simone Franceschini,Cyclone
European IBJJF Jiu-Jitsu No-Gi Championship ,2013,Adult,Black,Male,Light,1,AJ Agazarm,Gracie Barra
European IBJJF Jiu-Jitsu No-Gi Championship ,2013,Adult,Black,Male,Middle,1,Eduardo Rios,Frontline Academy
European IBJJF Jiu-Jitsu No-Gi Championship ,2013,Adult,Black,Male,Medium-Heavy,1,Alan Douglas Pereira do Nascimento,CheckMat
European IBJJF Jiu-Jitsu No-Gi Championship ,2013,Adult,Black,Male,Heavy,1,Francisco Ramos Mendes Neto,CheckMat
European IBJJF Jiu-Jitsu No-Gi Championship ,2013,Adult,Black,Male,Super-Heavy,1,Henrique João Alves Pereira,Brazilian Power Team
European IBJJF Jiu-Jitsu No-Gi Championship ,2013,Adult,Black,Male,Ultra-Heavy,1,Ricardo Ferreira Evangelista,GF Team
European IBJJF Jiu-Jitsu No-Gi Championship ,2013,Adult,Black,Male,Open Class,1,Caio Terra,Brasa
European IBJJF Jiu-Jitsu No-Gi Championship ,2013,Adult,Black,Male,Light-Feather,2,Jordy A. Jean Antoon Peute,Gracie Barra
European IBJJF Jiu-Jitsu No-Gi Championship ,2013,Adult,Black,Male,Feather,2,Andre Carvalho Monteiro,BJJ Revolution Team
European IBJJF Jiu-Jitsu No-Gi Championship ,2013,Adult,Black,Male,Light,2,Daniel Riou Vilhena de Mendonça,Brazilian Power Team
European IBJJF Jiu-Jitsu No-Gi Championship ,2013,Adult,Black,Male,Middle,2,Nic Ruben Nikolaisen,Frontline Academy
European IBJJF Jiu-Jitsu No-Gi Championship ,2013,Adult,Black,Male,Medium-Heavy,2,Maximiliano de Figueiredo Carvalho,Gracie Barra
European IBJJF Jiu-Jitsu No-Gi Championship ,2013,Adult,Black,Male,Heavy,2,Renato Tavares de Moraes,Frontline Academy
European IBJJF Jiu-Jitsu No-Gi Championship ,2013,Adult,Black,Male,Super-Heavy,2,Ronney Eustaquio de Carvalho Lima,Reinaldo Ribeiro Team BJJ Association
European IBJJF Jiu-Jitsu No-Gi Championship ,2013,Adult,Black,Male,Ultra-Heavy,2,John Michael C Dequick,Malicia Team
European IBJJF Jiu-Jitsu No-Gi Championship ,2013,Adult,Black,Male,Open Class,2,Alan Douglas Pereira do Nascimento,CheckMat
European IBJJF Jiu-Jitsu No-Gi Championship ,2013,Adult,Black,Male,Light-Feather,3,Baruc Martin Barrios,Icon Jiu-Jitsu Team
European IBJJF Jiu-Jitsu No-Gi Championship ,2013,Adult,Black,Male,Middle,3,João Cândido Santos M. Leitão,Nova Geração
European IBJJF Jiu-Jitsu No-Gi Championship ,2013,Adult,Black,Male,Middle,3,Oliver Leys Geddes,Roger Gracie Academy
European IBJJF Jiu-Jitsu No-Gi Championship ,2013,Adult,Black,Male,Medium-Heavy,3,Gareth Edwin Neale,Gracie Barra
European IBJJF Jiu-Jitsu No-Gi Championship ,2013,Adult,Black,Male,Heavy,3,Haim Gozali,Renzo Gracie Israel
European IBJJF Jiu-Jitsu No-Gi Championship ,2013,Adult,Black,Male,Heavy,3,Said Chaabi,Malicia Team
European IBJJF Jiu-Jitsu No-Gi Championship ,2013,Adult,Black,Male,Open Class,3,AJ Agazarm,Gracie Barra
European IBJJF Jiu-Jitsu No-Gi Championship ,2013,Adult,Black,Male,Open Class,3,Maximiliano de Figueiredo Carvalho,Gracie Barra
European IBJJF Jiu-Jitsu No-Gi Championship ,2014,Adult,Black,Male,Light-Feather,1,Paulo Fernando Ferreira Melo,Gracie Barra
European IBJJF Jiu-Jitsu No-Gi Championship ,2014,Adult,Black,Male,Feather,1,Simone Franceschini,Cyclone
European IBJJF Jiu-Jitsu No-Gi Championship ,2014,Adult,Black,Male,Light,1,AJ Agazarm,Gracie Barra
European IBJJF Jiu-Jitsu No-Gi Championship ,2014,Adult,Black,Male,Middle,1,Luca Anacoreta,Aeterna Jiu Jitsu
European IBJJF Jiu-Jitsu No-Gi Championship ,2014,Adult,Black,Male,Medium-Heavy,1,Eduardo Rios,Frontline Academy
European IBJJF Jiu-Jitsu No-Gi Championship ,2014,Adult,Black,Male,Heavy,1,Ricardo Ramos de Mesquita,Alliance
European IBJJF Jiu-Jitsu No-Gi Championship ,2014,Adult,Black,Male,Super-Heavy,1,Radoslaw Turek,Alliance
European IBJJF Jiu-Jitsu No-Gi Championship ,2014,Adult,Black,Male,Ultra-Heavy,1,Mauricio Henrique Cristo Lima,PSLPB Cicero Costha
European IBJJF Jiu-Jitsu No-Gi Championship ,2014,Adult,Black,Male,Open Class,1,AJ Agazarm,Gracie Barra
European IBJJF Jiu-Jitsu No-Gi Championship ,2014,Adult,Black,Male,Light-Feather,2,Baruc Martin Barrios,Icon Jiu-Jitsu Team
European IBJJF Jiu-Jitsu No-Gi Championship ,2014,Adult,Black,Male,Feather,2,Tuomas Kristian Tammilehto,Brasa
European IBJJF Jiu-Jitsu No-Gi Championship ,2014,Adult,Black,Male,Light,2,Paulo Henrique Alves da Silva,Zenith BJJ
European IBJJF Jiu-Jitsu No-Gi Championship ,2014,Adult,Black,Male,Middle,2,Pedro Henrique Weiss Bessa,99 Nine Nine JJ - International
European IBJJF Jiu-Jitsu No-Gi Championship ,2014,Adult,Black,Male,Medium-Heavy,2,Maximiliano de Figueiredo Carvalho,Gracie Barra
European IBJJF Jiu-Jitsu No-Gi Championship ,2014,Adult,Black,Male,Heavy,2,Samuel Monin,Gracie Barra
European IBJJF Jiu-Jitsu No-Gi Championship ,2014,Adult,Black,Male,Super-Heavy,2,Rodrigo Ferreira Reis,Tanque Jiu-Jitsu
European IBJJF Jiu-Jitsu No-Gi Championship ,2014,Adult,Black,Male,Ultra-Heavy,2,Bruno Matias Soares,CheckMat
European IBJJF Jiu-Jitsu No-Gi Championship ,2014,Adult,Black,Male,Open Class,2,Mauricio Henrique Cristo Lima,PSLPB Cicero Costha
European IBJJF Jiu-Jitsu No-Gi Championship ,2014,Adult,Black,Male,Feather,3,Cristofer Martin Barrios,Icon Jiu-Jitsu Team
European IBJJF Jiu-Jitsu No-Gi Championship ,2014,Adult,Black,Male,Feather,3,David Dimopoulos Said,Alliance
European IBJJF Jiu-Jitsu No-Gi Championship ,2014,Adult,Black,Male,Light,3,Hans Anders Mikael Xu,Hilti BJJ Stockholm
European IBJJF Jiu-Jitsu No-Gi Championship ,2014,Adult,Black,Male,Light,3,Ralf Gosta Carneborn,Dynamix Fighting Sports
European IBJJF Jiu-Jitsu No-Gi Championship ,2014,Adult,Black,Male,Middle,3,Nic Ruben Nikolaisen,Frontline Academy
European IBJJF Jiu-Jitsu No-Gi Championship ,2014,Adult,Black,Male,Medium-Heavy,3,Filipe Meirelles Bobrick,Alliance
European IBJJF Jiu-Jitsu No-Gi Championship ,2014,Adult,Black,Male,Medium-Heavy,3,Maksymilian Wisniewski,Zenith BJJ International
European IBJJF Jiu-Jitsu No-Gi Championship ,2014,Adult,Black,Male,Heavy,3,Cleiton Novas Pinheiro,Fight Club
European IBJJF Jiu-Jitsu No-Gi Championship ,2014,Adult,Black,Male,Super-Heavy,3,Henrique João Alves Pereira,Brazilian Power Team
European IBJJF Jiu-Jitsu No-Gi Championship ,2014,Adult,Black,Male,Super-Heavy,3,Michal Bittner,Clube de Jiu-Jitsu Pitbull Czech Republic
European IBJJF Jiu-Jitsu No-Gi Championship ,2014,Adult,Black,Male,Ultra-Heavy,3,Raphael da Costa Goulart,Brazilian Top Team
European IBJJF Jiu-Jitsu No-Gi Championship ,2014,Adult,Black,Male,Ultra-Heavy,3,Vedran Ikic,CheckMat
European IBJJF Jiu-Jitsu No-Gi Championship ,2014,Adult,Black,Male,Open Class,3,Luca Anacoreta,Aeterna Jiu Jitsu
European IBJJF Jiu-Jitsu No-Gi Championship ,2014,Adult,Black,Male,Open Class,3,Vedran Ikic,CheckMat
European IBJJF Jiu-Jitsu No-Gi Championship ,2015,Adult,Black,Male,Light-Feather,1,Simone Franceschini,Cyclone
European IBJJF Jiu-Jitsu No-Gi Championship ,2015,Adult,Black,Male,Feather,1,Luiz Henrique Cunha Tosta,Alliance International
European IBJJF Jiu-Jitsu No-Gi Championship ,2015,Adult,Black,Male,Light,1,Bruno Frazatto X. C. Barbosa,Atos Jiu-Jitsu
European IBJJF Jiu-Jitsu No-Gi Championship ,2015,Adult,Black,Male,Middle,1,Eduardo Rios,Frontline Academy
European IBJJF Jiu-Jitsu No-Gi Championship ,2015,Adult,Black,Male,Medium-Heavy,1,Charles Negromonte Santos,Gracie Barra
European IBJJF Jiu-Jitsu No-Gi Championship ,2015,Adult,Black,Male,Heavy,1,Jackson Sousa dos Santos,CheckMat
European IBJJF Jiu-Jitsu No-Gi Championship ,2015,Adult,Black,Male,Super-Heavy,1,Manuel António Ambrósio S. T. Pontes,Gracie Barra
European IBJJF Jiu-Jitsu No-Gi Championship ,2015,Adult,Black,Male,Ultra-Heavy,1,Luis Alberto Martin Carrara,WING BJJ
European IBJJF Jiu-Jitsu No-Gi Championship ,2015,Adult,Black,Male,Open Class,1,Jackson Sousa dos Santos,CheckMat
European IBJJF Jiu-Jitsu No-Gi Championship ,2015,Adult,Black,Male,Light-Feather,2,Jordy A. Jean Antoon Peute,Gracie Barra
European IBJJF Jiu-Jitsu No-Gi Championship ,2015,Adult,Black,Male,Feather,2,Ítalo Silva Lins de Albuquerque,GF Team
European IBJJF Jiu-Jitsu No-Gi Championship ,2015,Adult,Black,Male,Light,2,Ilke Kubilay Bulut,Icon Jiu-Jitsu Team
European IBJJF Jiu-Jitsu No-Gi Championship ,2015,Adult,Black,Male,Middle,2,Luca Anacoreta,Aeterna Jiu Jitsu
European IBJJF Jiu-Jitsu No-Gi Championship ,2015,Adult,Black,Male,Medium-Heavy,2,Leonardo Queiroz da Cunha,Roger Gracie
European IBJJF Jiu-Jitsu No-Gi Championship ,2015,Adult,Black,Male,Heavy,2,Felipe Mota Dias,Roger Gracie
European IBJJF Jiu-Jitsu No-Gi Championship ,2015,Adult,Black,Male,Super-Heavy,2,Ralf Warneking,Randori-Pro
European IBJJF Jiu-Jitsu No-Gi Championship ,2015,Adult,Black,Male,Ultra-Heavy,2,Roman Kushnir,Renzo Gracie Israel
European IBJJF Jiu-Jitsu No-Gi Championship ,2015,Adult,Black,Male,Open Class,2,Charles Negromonte Santos,Gracie Barra
European IBJJF Jiu-Jitsu No-Gi Championship ,2015,Adult,Black,Male,Light-Feather,3,Julien Robin Gaillard,Toulon JJB
European IBJJF Jiu-Jitsu No-Gi Championship ,2015,Adult,Black,Male,Light-Feather,3,Mark Daniel Ramos,Carlson Gracie Team
European IBJJF Jiu-Jitsu No-Gi Championship ,2015,Adult,Black,Male,Feather,3,Severi Nenonen,Barreto Jiu-Jitsu Finland
European IBJJF Jiu-Jitsu No-Gi Championship ,2015,Adult,Black,Male,Feather,3,Tuomas Kristian Tammilehto,Brasa CTA
European IBJJF Jiu-Jitsu No-Gi Championship ,2015,Adult,Black,Male,Light,3,Jorge dos Santos Pereira,Atos JJ International
European IBJJF Jiu-Jitsu No-Gi Championship ,2015,Adult,Black,Male,Light,3,Samuel Hertzog Canquerino,UAE Jiu-jitsu Team
European IBJJF Jiu-Jitsu No-Gi Championship ,2015,Adult,Black,Male,Middle,3,Darragh O Conaill,Ribeiro Jiu-Jitsu International
European IBJJF Jiu-Jitsu No-Gi Championship ,2015,Adult,Black,Male,Middle,3,Nic Ruben Nikolaisen,Frontline Academy
European IBJJF Jiu-Jitsu No-Gi Championship ,2015,Adult,Black,Male,Medium-Heavy,3,Gareth Edwin Neale,Gracie Barra
European IBJJF Jiu-Jitsu No-Gi Championship ,2015,Adult,Black,Male,Medium-Heavy,3,Tero Antti Mikael Pyylampi,Hilti BJJ Tampere
European IBJJF Jiu-Jitsu No-Gi Championship ,2015,Adult,Black,Male,Heavy,3,Alberto Gonzalez Ortiz,Rio Grappling Club Europe
European IBJJF Jiu-Jitsu No-Gi Championship ,2015,Adult,Black,Male,Heavy,3,Renato Tavares de Moraes,Frontline Academy
European IBJJF Jiu-Jitsu No-Gi Championship ,2015,Adult,Black,Male,Super-Heavy,3,Fabricio Carvalho de Souza,Batatinha Team Italia
European IBJJF Jiu-Jitsu No-Gi Championship ,2015,Adult,Black,Male,Ultra-Heavy,3,Attila Bánfi,ZR Team Hungary
European IBJJF Jiu-Jitsu No-Gi Championship ,2015,Adult,Black,Male,Ultra-Heavy,3,Francisco Javier Miguel Caraballo,WING BJJ
European IBJJF Jiu-Jitsu No-Gi Championship ,2015,Adult,Black,Male,Open Class,3,Nic Ruben Nikolaisen,Frontline Academy
European IBJJF Jiu-Jitsu No-Gi Championship ,2015,Adult,Black,Male,Open Class,3,Renato Tavares de Moraes,Frontline Academy
European IBJJF Jiu-Jitsu No-Gi Championship ,2015,Adult,Black,Female,Light,1,Gegi E Van de Walker,Cia Paulista USA
European IBJJF Jiu-Jitsu No-Gi Championship ,2015,Adult,Black,Female,Medium-Heavy,1,Shanti A. D. Abelha,CheckMat
European IBJJF Jiu-Jitsu No-Gi Championship ,2015,Adult,Black,Female,Super-Heavy,1,Venla Orvokki Luukkonen,Hilti BJJ Jyvaskyla
European IBJJF Jiu-Jitsu No-Gi Championship ,2015,Adult,Black,Female,Open Class,1,Venla Orvokki Luukkonen,Hilti BJJ Jyvaskyla
European IBJJF Jiu-Jitsu No-Gi Championship ,2015,Adult,Black,Female,Open Class,2,Shanti A. D. Abelha,CheckMat
European IBJJF Jiu-Jitsu No-Gi Championship ,2015,Adult,Black,Female,Open Class,3,Gegi E Van de Walker,Cia Paulista USA
European IBJJF Jiu-Jitsu No-Gi Championship ,2016,Adult,Black,Male,Feather,1,Ashley Jordan Williams,Gracie Barra
European IBJJF Jiu-Jitsu No-Gi Championship ,2016,Adult,Black,Male,Light,1,Thiago Aragão de Abreu,CheckMat
European IBJJF Jiu-Jitsu No-Gi Championship ,2016,Adult,Black,Male,Middle,1,Eduardo Rios,Frontline Academy
European IBJJF Jiu-Jitsu No-Gi Championship ,2016,Adult,Black,Male,Medium-Heavy,1,Claudio de Mattos Cardoso,Gracie Barra
European IBJJF Jiu-Jitsu No-Gi Championship ,2016,Adult,Black,Male,Heavy,1,Matheus Rodrigues P. S. V. da Silva,Stone Fight
European IBJJF Jiu-Jitsu No-Gi Championship ,2016,Adult,Black,Male,Super-Heavy,1,Arya  Esfandmaz,Gracie Barra
European IBJJF Jiu-Jitsu No-Gi Championship ,2016,Adult,Black,Male,Ultra-Heavy,1,Ruben Araújo Fonseca,Associação Pantera House Jiu-jitsu
European IBJJF Jiu-Jitsu No-Gi Championship ,2016,Adult,Black,Male,Open Class,1,Lucio Furtado Rodrigues,Gracie Barra
European IBJJF Jiu-Jitsu No-Gi Championship ,2016,Adult,Black,Male,Feather,2,Severi Nenonen,Barreto Jiu-Jitsu Finland
European IBJJF Jiu-Jitsu No-Gi Championship ,2016,Adult,Black,Male,Light,2,Gyula Gyorgy Szabó,Carlson Gracie Team
European IBJJF Jiu-Jitsu No-Gi Championship ,2016,Adult,Black,Male,Middle,2,Luca Anacoreta,Aeterna Jiu Jitsu
European IBJJF Jiu-Jitsu No-Gi Championship ,2016,Adult,Black,Male,Medium-Heavy,2,Maximiliano de Figueiredo Carvalho,Gracie Barra
European IBJJF Jiu-Jitsu No-Gi Championship ,2016,Adult,Black,Male,Heavy,2,Luis Fernando Vieira Nunes Freire,Gracie Barra
European IBJJF Jiu-Jitsu No-Gi Championship ,2016,Adult,Black,Male,Super-Heavy,2,Lucio Furtado Rodrigues,Gracie Barra
European IBJJF Jiu-Jitsu No-Gi Championship ,2016,Adult,Black,Male,Ultra-Heavy,2,Haim Gozali,Renzo Gracie Israel
European IBJJF Jiu-Jitsu No-Gi Championship ,2016,Adult,Black,Male,Open Class,2,Eduardo Rios,Frontline Academy
European IBJJF Jiu-Jitsu No-Gi Championship ,2016,Adult,Black,Male,Feather,3,Cristofer Martin Barrios,Reinaldo Ribeiro Team JJ
European IBJJF Jiu-Jitsu No-Gi Championship ,2016,Adult,Black,Male,Feather,3,David Dimopoulos-Said,Alliance
European IBJJF Jiu-Jitsu No-Gi Championship ,2016,Adult,Black,Male,Light,3,Juliano Silva Rocha,Atos Jiu-Jitsu
European IBJJF Jiu-Jitsu No-Gi Championship ,2016,Adult,Black,Male,Light,3,Ralf Gosta Carneborn,Dynamix Fighting Sports
European IBJJF Jiu-Jitsu No-Gi Championship ,2016,Adult,Black,Male,Middle,3,David Ben Zaken,Pariente Academy
European IBJJF Jiu-Jitsu No-Gi Championship ,2016,Adult,Black,Male,Middle,3,Nic Ruben Nikolaisen,Frontline Academy
European IBJJF Jiu-Jitsu No-Gi Championship ,2016,Adult,Black,Male,Medium-Heavy,3,Tomasz Jan Michalowski,Brasa Poland
European IBJJF Jiu-Jitsu No-Gi Championship ,2016,Adult,Black,Male,Heavy,3,Alberto Gonzalez Ortiz,UAE Jiu-Jitsu Team
European IBJJF Jiu-Jitsu No-Gi Championship ,2016,Adult,Black,Male,Super-Heavy,3,Fabricio Carvalho de Souza,Batatinha Team Italia
European IBJJF Jiu-Jitsu No-Gi Championship ,2016,Adult,Black,Male,Open Class,3,Claudio de Mattos Cardoso,Gracie Barra
European IBJJF Jiu-Jitsu No-Gi Championship ,2016,Adult,Black,Male,Open Class,3,Nic Ruben Nikolaisen,Frontline Academy
European IBJJF Jiu-Jitsu No-Gi Championship ,2017,Adult,Black,Male,Rooster,1,Juan Lopes da Silva,PRM Team
European IBJJF Jiu-Jitsu No-Gi Championship ,2017,Adult,Black,Male,Feather,1,Hiago George Santos Silva,PSLPB Cicero Costha
European IBJJF Jiu-Jitsu No-Gi Championship ,2017,Adult,Black,Male,Light,1,AJ Agazarm,Gracie Barra
European IBJJF Jiu-Jitsu No-Gi Championship ,2017,Adult,Black,Male,Middle,1,Isaque Bahiense Braz,Alliance
European IBJJF Jiu-Jitsu No-Gi Championship ,2017,Adult,Black,Male,Medium-Heavy,1,Stéfano Fernando Corrêa,Otávio de Almeida
European IBJJF Jiu-Jitsu No-Gi Championship ,2017,Adult,Black,Male,Heavy,1,Thiago Sá Fortes Silva,CheckMat
European IBJJF Jiu-Jitsu No-Gi Championship ,2017,Adult,Black,Male,Super-Heavy,1,Mahamed Aly Santos da Silva,Team Lloyd Irvin
European IBJJF Jiu-Jitsu No-Gi Championship ,2017,Adult,Black,Male,Ultra-Heavy,1,Otavio Tome Serafim,Alliance
European IBJJF Jiu-Jitsu No-Gi Championship ,2017,Adult,Black,Male,Open Class,1,Mahamed Aly Santos da Silva,Team Lloyd Irvin
European IBJJF Jiu-Jitsu No-Gi Championship ,2017,Adult,Black,Male,Rooster,2,Gabriel Alexander Rosberg,Art of Roll
European IBJJF Jiu-Jitsu No-Gi Championship ,2017,Adult,Black,Male,Feather,2,Victor Otoniel Nunes Moraes,PSLPB Cicero Costha
European IBJJF Jiu-Jitsu No-Gi Championship ,2017,Adult,Black,Male,Light,2,Ashley Jordan Williams,Gracie Barra
European IBJJF Jiu-Jitsu No-Gi Championship ,2017,Adult,Black,Male,Middle,2,Darragh O Conaill,Ribeiro Jiu-Jitsu International
European IBJJF Jiu-Jitsu No-Gi Championship ,2017,Adult,Black,Male,Medium-Heavy,2,Marcos Paulo Costa,DDR JJ
European IBJJF Jiu-Jitsu No-Gi Championship ,2017,Adult,Black,Male,Heavy,2,Pablo Popovitch,Team Popovitch
European IBJJF Jiu-Jitsu No-Gi Championship ,2017,Adult,Black,Male,Super-Heavy,2,Riku August Urholin,Alliance
European IBJJF Jiu-Jitsu No-Gi Championship ,2017,Adult,Black,Male,Ultra-Heavy,2,Gabriel Lyrio Lucas,CheckMat
European IBJJF Jiu-Jitsu No-Gi Championship ,2017,Adult,Black,Male,Open Class,2,AJ Agazarm,Gracie Barra
European IBJJF Jiu-Jitsu No-Gi Championship ,2017,Adult,Black,Male,Feather,3,Aleksander Jablonski,Gold Team Fighters
European IBJJF Jiu-Jitsu No-Gi Championship ,2017,Adult,Black,Male,Feather,3,Jakub Jerzy Witkowski,Brasa Poland
European IBJJF Jiu-Jitsu No-Gi Championship ,2017,Adult,Black,Male,Light,3,Andreas Achniotis Perales,Renzo Gracie International
European IBJJF Jiu-Jitsu No-Gi Championship ,2017,Adult,Black,Male,Light,3,Royi Neeman,Clube de Jiu-Jitsu Pitbull Czech Republic
European IBJJF Jiu-Jitsu No-Gi Championship ,2017,Adult,Black,Male,Middle,3,Antti Mannila,Alliance
European IBJJF Jiu-Jitsu No-Gi Championship ,2017,Adult,Black,Male,Middle,3,Tuomas  Ylinampa,Brasa CTA
European IBJJF Jiu-Jitsu No-Gi Championship ,2017,Adult,Black,Male,Medium-Heavy,3,Felipe Mota Dias,OXY
European IBJJF Jiu-Jitsu No-Gi Championship ,2017,Adult,Black,Male,Medium-Heavy,3,Luca Anacoreta,Aeterna Jiu Jitsu Team
European IBJJF Jiu-Jitsu No-Gi Championship ,2017,Adult,Black,Male,Heavy,3,Adam Wardzinski,CheckMat
European IBJJF Jiu-Jitsu No-Gi Championship ,2017,Adult,Black,Male,Heavy,3,Jesse Juhani Urholin,Alliance
European IBJJF Jiu-Jitsu No-Gi Championship ,2017,Adult,Black,Male,Super-Heavy,3,Francisco Javier Miguel Caraballo,Titanes BJJ
European IBJJF Jiu-Jitsu No-Gi Championship ,2017,Adult,Black,Male,Super-Heavy,3,Muslim L. Patsarigov,OXY
European IBJJF Jiu-Jitsu No-Gi Championship ,2017,Adult,Black,Male,Ultra-Heavy,3,Luis Alberto Martin Carrara,Titanes BJJ
European IBJJF Jiu-Jitsu No-Gi Championship ,2017,Adult,Black,Male,Open Class,3,Felipe Mota Dias,OXY
European IBJJF Jiu-Jitsu No-Gi Championship ,2017,Adult,Black,Female,Light-Feather,1,Linda  Lindström,Dynamix Fighting Sports
European IBJJF Jiu-Jitsu No-Gi Championship ,2017,Adult,Black,Female,Feather,1,Emilie Maxine M. H. Thylin,Gracie Humaita South Bay
European IBJJF Jiu-Jitsu No-Gi Championship ,2017,Adult,Black,Female,Medium-Heavy,1,Monique Ricardo Carvalho,CheckMat
European IBJJF Jiu-Jitsu No-Gi Championship ,2017,Adult,Black,Female,Open Class,1,Monique Ricardo Carvalho,CheckMat
European IBJJF Jiu-Jitsu No-Gi Championship ,2017,Adult,Black,Female,Feather,2,Yasmine Clarisa Wilson,Roger Gracie Academy
European IBJJF Jiu-Jitsu No-Gi Championship ,2017,Adult,Black,Female,Medium-Heavy,2,Leoni Munslow,New School BJJ
European IBJJF Jiu-Jitsu No-Gi Championship ,2017,Adult,Black,Female,Open Class,2,Linda  Lindström,Dynamix Fighting Sports
European IBJJF Jiu-Jitsu No-Gi Championship ,2017,Adult,Black,Female,Feather,3,Carolina Carriello,Gracie Barra
European IBJJF Jiu-Jitsu No-Gi Championship ,2017,Adult,Black,Female,Open Class,3,Carolina Carriello,Gracie Barra
European IBJJF Jiu-Jitsu No-Gi Championship ,2018,Adult,Black,Male,Light-Feather,1,Anthony Guy De Oliveira,Werdum Combat Team France
European IBJJF Jiu-Jitsu No-Gi Championship ,2018,Adult,Black,Male,Feather,1,Gabriel Marangoni de Oliveira,Brasa CTA
European IBJJF Jiu-Jitsu No-Gi Championship ,2018,Adult,Black,Male,Light,1,Michael Remigio Liera Jr.,Atos Jiu-Jitsu
European IBJJF Jiu-Jitsu No-Gi Championship ,2018,Adult,Black,Male,Middle,1,Darragh O Conaill,ECJJA
European IBJJF Jiu-Jitsu No-Gi Championship ,2018,Adult,Black,Male,Medium-Heavy,1,Luca Anacoreta,Aeterna Jiu Jitsu
European IBJJF Jiu-Jitsu No-Gi Championship ,2018,Adult,Black,Male,Heavy,1,Thiago Sá Fortes Silva,CheckMat
European IBJJF Jiu-Jitsu No-Gi Championship ,2018,Adult,Black,Male,Super-Heavy,1,Thomas Alban Jules Loubersanes,Atos Jiu-Jitsu
European IBJJF Jiu-Jitsu No-Gi Championship ,2018,Adult,Black,Male,Ultra-Heavy,1,Eldar Rafigaev,Jungle BJJ
European IBJJF Jiu-Jitsu No-Gi Championship ,2018,Adult,Black,Male,Open Class,1,Michael Remigio Liera Jr.,Atos Jiu-Jitsu
European IBJJF Jiu-Jitsu No-Gi Championship ,2018,Adult,Black,Male,Light-Feather,2,Juan Lopes da Silva,PRM Team
European IBJJF Jiu-Jitsu No-Gi Championship ,2018,Adult,Black,Male,Feather,2,Bruno Celio Costa de Melo,Qatar BJJ
European IBJJF Jiu-Jitsu No-Gi Championship ,2018,Adult,Black,Male,Light,2,Tommi Tapio Pulkkanen,Hilti BJJ Turku
European IBJJF Jiu-Jitsu No-Gi Championship ,2018,Adult,Black,Male,Middle,2,Tuomas  Ylinampa,Brasa JJ
European IBJJF Jiu-Jitsu No-Gi Championship ,2018,Adult,Black,Male,Medium-Heavy,2,Lucas Daniel Silva Barbosa,Atos Jiu-Jitsu
European IBJJF Jiu-Jitsu No-Gi Championship ,2018,Adult,Black,Male,Heavy,2,Nicolas E. Penzer,Stallion Gym
European IBJJF Jiu-Jitsu No-Gi Championship ,2018,Adult,Black,Male,Super-Heavy,2,Perttu Tapio Tepponen,Hilti BJJ Tampere
European IBJJF Jiu-Jitsu No-Gi Championship ,2018,Adult,Black,Male,Ultra-Heavy,2,Jamie Malcom William Hughes,99 Nine Nine JJ - International
European IBJJF Jiu-Jitsu No-Gi Championship ,2018,Adult,Black,Male,Open Class,2,Lucas Daniel Silva Barbosa,Atos Jiu-Jitsu
European IBJJF Jiu-Jitsu No-Gi Championship ,2018,Adult,Black,Male,Light-Feather,3,Yuri Pires Pinto Gomes,GF Team
European IBJJF Jiu-Jitsu No-Gi Championship ,2018,Adult,Black,Male,Feather,3,Eduardo Henrique Galana,Tozi Jiu Jitsu
European IBJJF Jiu-Jitsu No-Gi Championship ,2018,Adult,Black,Male,Feather,3,Thomas James Halpin,Fight Sports International
European IBJJF Jiu-Jitsu No-Gi Championship ,2018,Adult,Black,Male,Light,3,Vibhudatta Rout,Emirates Jiu-Jitsu Center
European IBJJF Jiu-Jitsu No-Gi Championship ,2018,Adult,Black,Male,Middle,3,Eduardo Rios,Frontline Academy
European IBJJF Jiu-Jitsu No-Gi Championship ,2018,Adult,Black,Male,Middle,3,Rodrigo Fonseca da Rocha,Alliance JJ
European IBJJF Jiu-Jitsu No-Gi Championship ,2018,Adult,Black,Male,Medium-Heavy,3,Martin Aedma,SBG Ireland
European IBJJF Jiu-Jitsu No-Gi Championship ,2018,Adult,Black,Male,Medium-Heavy,3,Tero Antti Mikael Pyylampi,Hilti BJJ Tampere
European IBJJF Jiu-Jitsu No-Gi Championship ,2018,Adult,Black,Male,Heavy,3,Alberto Gonzalez Ortiz,Crazy Team
European IBJJF Jiu-Jitsu No-Gi Championship ,2018,Adult,Black,Male,Heavy,3,Kamil Czochra,Rio Grappling Club Europe
European IBJJF Jiu-Jitsu No-Gi Championship ,2018,Adult,Black,Male,Super-Heavy,3,Amadu Martins Jorge,Gracie Barra
European IBJJF Jiu-Jitsu No-Gi Championship ,2018,Adult,Black,Male,Super-Heavy,3,Marek Pawel Zbrog,Gracie Barra
European IBJJF Jiu-Jitsu No-Gi Championship ,2018,Adult,Black,Male,Ultra-Heavy,3,Edward Ingamells,Mill Hill BJJ
European IBJJF Jiu-Jitsu No-Gi Championship ,2018,Adult,Black,Male,Ultra-Heavy,3,Matheus Rodrigues P. S. V. da Silva,Senna Fight Academy
European IBJJF Jiu-Jitsu No-Gi Championship ,2018,Adult,Black,Male,Open Class,3,Kenji Benjamin Sette,GF Team France
European IBJJF Jiu-Jitsu No-Gi Championship ,2018,Adult,Black,Male,Open Class,3,Thiago Sá Fortes Silva,CheckMat
European IBJJF Jiu-Jitsu No-Gi Championship ,2018,Adult,Black,Female,Feather,1,Chelsea Leah Bainbridge-Donner,Atos Jiu-Jitsu
European IBJJF Jiu-Jitsu No-Gi Championship ,2018,Adult,Black,Female,Light,1,Michelle Zonato Nicolini,CheckMat
European IBJJF Jiu-Jitsu No-Gi Championship ,2018,Adult,Black,Female,Open Class,1,Michelle Zonato Nicolini,CheckMat
European IBJJF Jiu-Jitsu No-Gi Championship ,2018,Adult,Black,Female,Feather,2,Matilda Kristina Frycklund,Dynamix Fighting Sports
European IBJJF Jiu-Jitsu No-Gi Championship ,2018,Adult,Black,Female,Light,2,Leoni Munslow,New School BJJ
European IBJJF Jiu-Jitsu No-Gi Championship ,2018,Adult,Black,Female,Open Class,2,Leoni Munslow,New School BJJ
European IBJJF Jiu-Jitsu No-Gi Championship ,2018,Adult,Black,Female,Open Class,3,Matilda Kristina Frycklund,Dynamix Fighting Sports
European IBJJF Jiu-Jitsu No-Gi Championship ,2019,Adult,Black,Male,Rooster,1,Gabriel Alexander Rosberg,Art of Roll
European IBJJF Jiu-Jitsu No-Gi Championship ,2019,Adult,Black,Male,Light-Feather,1,Francisco Jonas Borges Andrade,Cicero Costha Internacional
European IBJJF Jiu-Jitsu No-Gi Championship ,2019,Adult,Black,Male,Feather,1,João Gabriel Batista de Sousa,ZR Team Association
European IBJJF Jiu-Jitsu No-Gi Championship ,2019,Adult,Black,Male,Light,1,Fabio Murat Caloi,Alliance
European IBJJF Jiu-Jitsu No-Gi Championship ,2019,Adult,Black,Male,Middle,1,Jeferson Guaresi,Cicero Costha Internacional
European IBJJF Jiu-Jitsu No-Gi Championship ,2019,Adult,Black,Male,Medium-Heavy,1,Lucas Jose Alves de Oliveira,Alliance
European IBJJF Jiu-Jitsu No-Gi Championship ,2019,Adult,Black,Male,Heavy,1,Philippe Basil Pomaski,CheckMat
European IBJJF Jiu-Jitsu No-Gi Championship ,2019,Adult,Black,Male,Super-Heavy,1,Devhonte M. Johnson,Unity Jiu-jitsu
European IBJJF Jiu-Jitsu No-Gi Championship ,2019,Adult,Black,Male,Ultra-Heavy,1,Thomas Alban Jules Loubersanes,Tropa de Elite
European IBJJF Jiu-Jitsu No-Gi Championship ,2019,Adult,Black,Male,Open Class,1,Marcelo Gomide Oliveira,Gracie Barra
European IBJJF Jiu-Jitsu No-Gi Championship ,2019,Adult,Black,Male,Light-Feather,2,Rodnei Barbosa Gabriel Junior,Qatar BJJ Brasil
European IBJJF Jiu-Jitsu No-Gi Championship ,2019,Adult,Black,Male,Feather,2,Cole Thomas Franson,R1NG BJJ
European IBJJF Jiu-Jitsu No-Gi Championship ,2019,Adult,Black,Male,Light,2,Ali Seena E. A. Munfaradi,Alliance
European IBJJF Jiu-Jitsu No-Gi Championship ,2019,Adult,Black,Male,Middle,2,Diego Dias Ramalho,ZR Team Association
European IBJJF Jiu-Jitsu No-Gi Championship ,2019,Adult,Black,Male,Medium-Heavy,2,Juan Marcel Viana,FF Team BJJ
European IBJJF Jiu-Jitsu No-Gi Championship ,2019,Adult,Black,Male,Heavy,2,Adam Wardzinski,CheckMat
European IBJJF Jiu-Jitsu No-Gi Championship ,2019,Adult,Black,Male,Super-Heavy,2,Helton José M. da Silva Junior,Atos Jiu-Jitsu
European IBJJF Jiu-Jitsu No-Gi Championship ,2019,Adult,Black,Male,Ultra-Heavy,2,Fernando Camôles Ribas,Demian Maia Jiu-Jitsu
European IBJJF Jiu-Jitsu No-Gi Championship ,2019,Adult,Black,Male,Open Class,2,Devhonte M. Johnson,Unity Jiu-jitsu
European IBJJF Jiu-Jitsu No-Gi Championship ,2019,Adult,Black,Male,Light-Feather,3,Edwin Ocasio,Unity Jiu-jitsu
European IBJJF Jiu-Jitsu No-Gi Championship ,2019,Adult,Black,Male,Light-Feather,3,Mani Tavanaei,Mathias Ribeiro Team
European IBJJF Jiu-Jitsu No-Gi Championship ,2019,Adult,Black,Male,Feather,3,Alejandro Carreras Lecoq,Focus Jiu-Jitsu
European IBJJF Jiu-Jitsu No-Gi Championship ,2019,Adult,Black,Male,Feather,3,Gabriel Marangoni de Oliveira,Brasa CTA
European IBJJF Jiu-Jitsu No-Gi Championship ,2019,Adult,Black,Male,Light,3,Italo Moura de Azevedo,Cicero Costha Internacional
European IBJJF Jiu-Jitsu No-Gi Championship ,2019,Adult,Black,Male,Light,3,Tommi Tapio Pulkkanen,Hilti BJJ Finland
European IBJJF Jiu-Jitsu No-Gi Championship ,2019,Adult,Black,Male,Middle,3,David Ben Zaken,Teampact
European IBJJF Jiu-Jitsu No-Gi Championship ,2019,Adult,Black,Male,Middle,3,Sean Mcdonagh,Gracie Barra
European IBJJF Jiu-Jitsu No-Gi Championship ,2019,Adult,Black,Male,Medium-Heavy,3,Louis Michael Glismann,CheckMat
European IBJJF Jiu-Jitsu No-Gi Championship ,2019,Adult,Black,Male,Medium-Heavy,3,Mikhail Shishuk,Brasa
European IBJJF Jiu-Jitsu No-Gi Championship ,2019,Adult,Black,Male,Heavy,3,Murilo Silva Ferreira de Santana,Unity Jiu-jitsu
European IBJJF Jiu-Jitsu No-Gi Championship ,2019,Adult,Black,Male,Heavy,3,Santeri Lilius,Gracie Barra
European IBJJF Jiu-Jitsu No-Gi Championship ,2019,Adult,Black,Male,Super-Heavy,3,Frederic Vosgröne,Carlson Gracie Team
European IBJJF Jiu-Jitsu No-Gi Championship ,2019,Adult,Black,Male,Super-Heavy,3,Samir Hamid Krvavac,Pirates
European IBJJF Jiu-Jitsu No-Gi Championship ,2019,Adult,Black,Male,Ultra-Heavy,3,Eldar Rafigaev,Jungle BJJ
European IBJJF Jiu-Jitsu No-Gi Championship ,2019,Adult,Black,Male,Ultra-Heavy,3,Uros Culic,Arte Suave (Pty Ltd) - The Gentle Art
European IBJJF Jiu-Jitsu No-Gi Championship ,2019,Adult,Black,Male,Open Class,3,Eliot Andrew Kelly,Yemaso Brazilian Jiu-Jitsu
European IBJJF Jiu-Jitsu No-Gi Championship ,2019,Adult,Black,Male,Open Class,3,Muslim L. Patsarigov,OXY
European IBJJF Jiu-Jitsu No-Gi Championship ,2019,Adult,Black,Female,Feather,1,Ana Talita de Oliveira Alencar,Alliance
European IBJJF Jiu-Jitsu No-Gi Championship ,2019,Adult,Black,Female,Light,1,Charlotte von Baumgarten,Mathias Ribeiro Team
European IBJJF Jiu-Jitsu No-Gi Championship ,2019,Adult,Black,Female,Middle,1,Julia Maele,OXY
European IBJJF Jiu-Jitsu No-Gi Championship ,2019,Adult,Black,Female,Heavy,1,Claudia Fernanda Onofre Valim Doval,Soul Fighters BJJ
European IBJJF Jiu-Jitsu No-Gi Championship ,2019,Adult,Black,Female,Super-Heavy,1,Samantha Lea Cook,CheckMat
European IBJJF Jiu-Jitsu No-Gi Championship ,2019,Adult,Black,Female,Open Class,1,Ana Talita de Oliveira Alencar,Alliance
European IBJJF Jiu-Jitsu No-Gi Championship ,2019,Adult,Black,Female,Feather,2,Serena Gabrielli,Flow
European IBJJF Jiu-Jitsu No-Gi Championship ,2019,Adult,Black,Female,Light,2,Kristin Mikkelson,Brazil 021 International
European IBJJF Jiu-Jitsu No-Gi Championship ,2019,Adult,Black,Female,Middle,2,Leoni Munslow,New School BJJ
European IBJJF Jiu-Jitsu No-Gi Championship ,2019,Adult,Black,Female,Super-Heavy,2,Claire-France Thevenon,Mako Team Paris
European IBJJF Jiu-Jitsu No-Gi Championship ,2019,Adult,Black,Female,Open Class,2,Charlotte von Baumgarten,Mathias Ribeiro Team
European IBJJF Jiu-Jitsu No-Gi Championship ,2019,Adult,Black,Female,Feather,3,Georgina  Contel Gallego,Atos Jiu-Jitsu
European IBJJF Jiu-Jitsu No-Gi Championship ,2019,Adult,Black,Female,Light,3,Michelle Zonato Nicolini,CheckMat
European IBJJF Jiu-Jitsu No-Gi Championship ,2019,Adult,Black,Female,Super-Heavy,3,Tereza  Cordeiro de Souza,ZR Team Association
European IBJJF Jiu-Jitsu No-Gi Championship ,2019,Adult,Black,Female,Open Class,3,Leoni Munslow,New School BJJ
European IBJJF Jiu-Jitsu No-Gi Championship ,2019,Adult,Black,Female,Open Class,3,Samantha Lea Cook,CheckMat
European IBJJF Jiu-Jitsu No-Gi Championship ,2022,Adult,Black,Male,Rooster,1,Coco Izutsu,Art of Jiu Jitsu
European IBJJF Jiu-Jitsu No-Gi Championship ,2022,Adult,Black,Male,Light-Feather,1,Lucas dos Santos Pinheiro,Atos Jiu-Jitsu
European IBJJF Jiu-Jitsu No-Gi Championship ,2022,Adult,Black,Male,Feather,1,Ashley Jordan Williams,Draig
European IBJJF Jiu-Jitsu No-Gi Championship ,2022,Adult,Black,Male,Light,1,Lucas Batista Rodrigues,Art of Jiu Jitsu
European IBJJF Jiu-Jitsu No-Gi Championship ,2022,Adult,Black,Male,Middle,1,Igor Nascimento da Costa Feliz,R1NG BJJ
European IBJJF Jiu-Jitsu No-Gi Championship ,2022,Adult,Black,Male,Medium-Heavy,1,Oliver Taza,Renzo Gracie International
European IBJJF Jiu-Jitsu No-Gi Championship ,2022,Adult,Black,Male,Heavy,1,Santeri Lilius,Lilius Barnatt Martial Arts
European IBJJF Jiu-Jitsu No-Gi Championship ,2022,Adult,Black,Male,Super-Heavy,1,Fernando Andrade dos Reis,Alliance SP
European IBJJF Jiu-Jitsu No-Gi Championship ,2022,Adult,Black,Male,Ultra-Heavy,1,Sean Dougla Goolsby,Atos Jiu-Jitsu
European IBJJF Jiu-Jitsu No-Gi Championship ,2022,Adult,Black,Male,Open Class,1,Adam Wardzinski,CheckMat
European IBJJF Jiu-Jitsu No-Gi Championship ,2022,Adult,Black,Male,Rooster,2,Denis Gerrit Lee Beenen,Open Mat Mixed Martial Arts
European IBJJF Jiu-Jitsu No-Gi Championship ,2022,Adult,Black,Male,Light-Feather,2,Daniël de Groot,CheckMat
European IBJJF Jiu-Jitsu No-Gi Championship ,2022,Adult,Black,Male,Feather,2,Anthony Guy De Oliveira,D.O.A. Jiu-Jitsu
European IBJJF Jiu-Jitsu No-Gi Championship ,2022,Adult,Black,Male,Light,2,Ilias Dikelis,Gracie Barra
European IBJJF Jiu-Jitsu No-Gi Championship ,2022,Adult,Black,Male,Middle,2,Pierpaolo Antonio Chiappe,Cohab Chile
European IBJJF Jiu-Jitsu No-Gi Championship ,2022,Adult,Black,Male,Medium-Heavy,2,Alexandre Joaquim de Jesus,Esporte Dez
European IBJJF Jiu-Jitsu No-Gi Championship ,2022,Adult,Black,Male,Heavy,2,Janis Riekstins,ZR Team Association
European IBJJF Jiu-Jitsu No-Gi Championship ,2022,Adult,Black,Male,Super-Heavy,2,Perttu Tapio Tepponen,Hilti BJJ Tampere
European IBJJF Jiu-Jitsu No-Gi Championship ,2022,Adult,Black,Male,Ultra-Heavy,2,Felipe Figueiredo Mauricio,Icon Jiu-Jitsu Team
European IBJJF Jiu-Jitsu No-Gi Championship ,2022,Adult,Black,Male,Open Class,2,Oliver Taza,Renzo Gracie International
European IBJJF Jiu-Jitsu No-Gi Championship ,2022,Adult,Black,Male,Rooster,3,Alberto Alamia,Accademia Kama
European IBJJF Jiu-Jitsu No-Gi Championship ,2022,Adult,Black,Male,Light-Feather,3,Lucas Feitosa Pereira Bosshard,Carlson Gracie Team
European IBJJF Jiu-Jitsu No-Gi Championship ,2022,Adult,Black,Male,Feather,3,Lukas Andrade Ferreira,Atos Jiu-Jitsu
European IBJJF Jiu-Jitsu No-Gi Championship ,2022,Adult,Black,Male,Feather,3,Sam Mc Nally,Atos Jiu-Jitsu
European IBJJF Jiu-Jitsu No-Gi Championship ,2022,Adult,Black,Male,Light,3,Marcus John Phelan,ECJJA
European IBJJF Jiu-Jitsu No-Gi Championship ,2022,Adult,Black,Male,Light,3,Rafal Farjaszewski,Academia Gorila
European IBJJF Jiu-Jitsu No-Gi Championship ,2022,Adult,Black,Male,Middle,3,Gyula Gyorgy Szabó,Carlson Gracie Team
European IBJJF Jiu-Jitsu No-Gi Championship ,2022,Adult,Black,Male,Middle,3,Thomas Paul Cellamare,Draig
European IBJJF Jiu-Jitsu No-Gi Championship ,2022,Adult,Black,Male,Medium-Heavy,3,Claudio Calasans Camargo Júnior,Esporte Dez
European IBJJF Jiu-Jitsu No-Gi Championship ,2022,Adult,Black,Male,Medium-Heavy,3,David Salem Garmo,Detroit Jiu-Jitsu Syndicate
European IBJJF Jiu-Jitsu No-Gi Championship ,2022,Adult,Black,Male,Heavy,3,Dimitrios Margaritopoulos,Adamas BJJ
European IBJJF Jiu-Jitsu No-Gi Championship ,2022,Adult,Black,Male,Heavy,3,Hunter Lee Colvin,Triton Fight Center
European IBJJF Jiu-Jitsu No-Gi Championship ,2022,Adult,Black,Male,Super-Heavy,3,Adam Wardzinski,CheckMat
European IBJJF Jiu-Jitsu No-Gi Championship ,2022,Adult,Black,Male,Super-Heavy,3,Paulo Fernando Cateriano Begazo,Atos Jiu-Jitsu
European IBJJF Jiu-Jitsu No-Gi Championship ,2022,Adult,Black,Male,Ultra-Heavy,3,Patryk Wysocki,CheckMat
European IBJJF Jiu-Jitsu No-Gi Championship ,2022,Adult,Black,Male,Ultra-Heavy,3,Wesley Lopes Caixeta,Roger Gracie Academy
European IBJJF Jiu-Jitsu No-Gi Championship ,2022,Adult,Black,Male,Open Class,3,Alexandre Joaquim de Jesus,Esporte Dez
European IBJJF Jiu-Jitsu No-Gi Championship ,2022,Adult,Black,Male,Open Class,3,Fernando Andrade dos Reis,Alliance SP
European IBJJF Jiu-Jitsu No-Gi Championship ,2022,Adult,Black,Female,Light-Feather,1,Nina Navid,Roger Gracie Academy
European IBJJF Jiu-Jitsu No-Gi Championship ,2022,Adult,Black,Female,Feather,1,Christina Dimitrios Tsantila,Gracie Barra
European IBJJF Jiu-Jitsu No-Gi Championship ,2022,Adult,Black,Female,Light,1,Hannah Katharina Rauch,Gracie Humaita
European IBJJF Jiu-Jitsu No-Gi Championship ,2022,Adult,Black,Female,Middle,1,Julia Maele,OXY
European IBJJF Jiu-Jitsu No-Gi Championship ,2022,Adult,Black,Female,Medium-Heavy,1,Joanna B. Dineva,Gracie Humaita
European IBJJF Jiu-Jitsu No-Gi Championship ,2022,Adult,Black,Female,Heavy,1,Eleftheria Christodoulou,ZR Team Association
European IBJJF Jiu-Jitsu No-Gi Championship ,2022,Adult,Black,Female,Open Class,1,Eleftheria Christodoulou,ZR Team Association
European IBJJF Jiu-Jitsu No-Gi Championship ,2022,Adult,Black,Female,Feather,2,Ashley Louise Bendle,Draig
European IBJJF Jiu-Jitsu No-Gi Championship ,2022,Adult,Black,Female,Light,2,Chelsea Leah Bainbridge-Donner,Escapology BJJ
European IBJJF Jiu-Jitsu No-Gi Championship ,2022,Adult,Black,Female,Middle,2,Suvi-tuuli Koikkalainen,Takado
European IBJJF Jiu-Jitsu No-Gi Championship ,2022,Adult,Black,Female,Medium-Heavy,2,Rachel Claire Ranschau,Atos Jiu-Jitsu
European IBJJF Jiu-Jitsu No-Gi Championship ,2022,Adult,Black,Female,Heavy,2,Paivi Anneli Aittamaa,CheckMat
European IBJJF Jiu-Jitsu No-Gi Championship ,2022,Adult,Black,Female,Open Class,2,Marta Szarecka,Gracie Barra
European IBJJF Jiu-Jitsu No-Gi Championship ,2022,Adult,Black,Female,Feather,3,Fiona Middleton,Roger Gracie Academy
European IBJJF Jiu-Jitsu No-Gi Championship ,2022,Adult,Black,Female,Feather,3,Sofia Rosa Amarante,JJ4L
European IBJJF Jiu-Jitsu No-Gi Championship ,2022,Adult,Black,Female,Light,3,Laura Rättyä,Hilti BJJ International
European IBJJF Jiu-Jitsu No-Gi Championship ,2022,Adult,Black,Female,Middle,3,Isa Bruno,Impact Jiu Jitsu
European IBJJF Jiu-Jitsu No-Gi Championship ,2022,Adult,Black,Female,Middle,3,Outi Katriina Karhuvaara,Hilti BJJ Turku
European IBJJF Jiu-Jitsu No-Gi Championship ,2022,Adult,Black,Female,Medium-Heavy,3,Ane N. Svendsen,GF Team
European IBJJF Jiu-Jitsu No-Gi Championship ,2022,Adult,Black,Female,Open Class,3,Laura Rättyä,Hilti BJJ International
European IBJJF Jiu-Jitsu No-Gi Championship ,2022,Adult,Black,Female,Open Class,3,Magdalena Zofia Loska,Brasa Poland
European IBJJF Jiu-Jitsu No-Gi Championship ,2023,Adult,Black,Male,Rooster,1,Shay Ananda Montague,ECJJA
European IBJJF Jiu-Jitsu No-Gi Championship ,2023,Adult,Black,Male,Light-Feather,1,Edwin Ocasio,Unity Jiu-jitsu
European IBJJF Jiu-Jitsu No-Gi Championship ,2023,Adult,Black,Male,Feather,1,José Julián  Espinosa Flores,Renzo Gracie International
European IBJJF Jiu-Jitsu No-Gi Championship ,2023,Adult,Black,Male,Light,1,Marcus John Phelan,ECJJA
European IBJJF Jiu-Jitsu No-Gi Championship ,2023,Adult,Black,Male,Middle,1,Tommy Lilleskog Langaker,Nova União
European IBJJF Jiu-Jitsu No-Gi Championship ,2023,Adult,Black,Male,Medium-Heavy,1,Sebastian Rodriguez Williams,Unity Jiu-jitsu
European IBJJF Jiu-Jitsu No-Gi Championship ,2023,Adult,Black,Male,Heavy,1,Javier Arturo Barter,Fernando Moya Jiu-Jitsu Academy
European IBJJF Jiu-Jitsu No-Gi Championship ,2023,Adult,Black,Male,Super-Heavy,1,Kasper Rohde Larsen,Halavanca BJJ
European IBJJF Jiu-Jitsu No-Gi Championship ,2023,Adult,Black,Male,Ultra-Heavy,1,Felipe Figueiredo Mauricio,Icon Jiu-Jitsu Team
European IBJJF Jiu-Jitsu No-Gi Championship ,2023,Adult,Black,Male,Open Class,1,Heikki Jussila,Helsigin Paini-Miehet
European IBJJF Jiu-Jitsu No-Gi Championship ,2023,Adult,Black,Male,Rooster,2,Denis Gerrit Lee Beenen,Open Mat Mixed Martial Arts
European IBJJF Jiu-Jitsu No-Gi Championship ,2023,Adult,Black,Male,Light-Feather,2,Lucas Feitosa Pereira Bosshard,Carlson Gracie Team
European IBJJF Jiu-Jitsu No-Gi Championship ,2023,Adult,Black,Male,Feather,2,Sam Mc Nally,Atos JJ International
European IBJJF Jiu-Jitsu No-Gi Championship ,2023,Adult,Black,Male,Light,2,Rafal Farjaszewski,Academia Gorila
European IBJJF Jiu-Jitsu No-Gi Championship ,2023,Adult,Black,Male,Middle,2,Mateusz Michal Szczecinski,Academia Gorila
European IBJJF Jiu-Jitsu No-Gi Championship ,2023,Adult,Black,Male,Medium-Heavy,2,Clay Mayfield,Pedigo Submission Fighting
European IBJJF Jiu-Jitsu No-Gi Championship ,2023,Adult,Black,Male,Heavy,2,Tyler Michael Freeman,CheckMat
European IBJJF Jiu-Jitsu No-Gi Championship ,2023,Adult,Black,Male,Super-Heavy,2,Jesse Vuorio,Lilius Barnatt Martial Arts
European IBJJF Jiu-Jitsu No-Gi Championship ,2023,Adult,Black,Male,Ultra-Heavy,2,Heikki Jussila,Helsigin Paini-Miehet
European IBJJF Jiu-Jitsu No-Gi Championship ,2023,Adult,Black,Male,Open Class,2,Javier Arturo Barter,Fernando Moya Jiu-Jitsu Academy
European IBJJF Jiu-Jitsu No-Gi Championship ,2023,Adult,Black,Male,Rooster,3,Alberto Alamia,Accademia Kama
European IBJJF Jiu-Jitsu No-Gi Championship ,2023,Adult,Black,Male,Rooster,3,Wojciech Gryz,Gracie Barra
European IBJJF Jiu-Jitsu No-Gi Championship ,2023,Adult,Black,Male,Light-Feather,3,Samat Aitpanbet,Corpo E Mente International
European IBJJF Jiu-Jitsu No-Gi Championship ,2023,Adult,Black,Male,Light-Feather,3,Valor  Boyer,Movement Art
European IBJJF Jiu-Jitsu No-Gi Championship ,2023,Adult,Black,Male,Feather,3,Jobson Gustavo da Silva Apolinário,ZR Team Association
European IBJJF Jiu-Jitsu No-Gi Championship ,2023,Adult,Black,Male,Feather,3,Konstantinos Lampos,ZR Team Association
European IBJJF Jiu-Jitsu No-Gi Championship ,2023,Adult,Black,Male,Light,3,Benjamin Charles Robson,Draig
European IBJJF Jiu-Jitsu No-Gi Championship ,2023,Adult,Black,Male,Light,3,Romao Pereira de Carvalho,ZR Team Association
European IBJJF Jiu-Jitsu No-Gi Championship ,2023,Adult,Black,Male,Middle,3,Lucas Andre Galvão Protasio,CheckMat
European IBJJF Jiu-Jitsu No-Gi Championship ,2023,Adult,Black,Male,Middle,3,Tarik Hopstock,Frontline Academy
European IBJJF Jiu-Jitsu No-Gi Championship ,2023,Adult,Black,Male,Medium-Heavy,3,Erick Diovano Pereira de Souza,JS Brazilian Jiu-Jitsu
European IBJJF Jiu-Jitsu No-Gi Championship ,2023,Adult,Black,Male,Medium-Heavy,3,Karol Kania,Rio Grappling Club
European IBJJF Jiu-Jitsu No-Gi Championship ,2023,Adult,Black,Male,Heavy,3,Santeri Lilius,Lilius Barnatt Martial Arts
European IBJJF Jiu-Jitsu No-Gi Championship ,2023,Adult,Black,Male,Heavy,3,Vegard Arentz Randeberg,OXY
European IBJJF Jiu-Jitsu No-Gi Championship ,2023,Adult,Black,Male,Super-Heavy,3,Carlos Fernando Arce Pellegrini,CheckMat
European IBJJF Jiu-Jitsu No-Gi Championship ,2023,Adult,Black,Male,Super-Heavy,3,Eliot Andrew Kelly,American Jiu-Jitsu Syndicate
European IBJJF Jiu-Jitsu No-Gi Championship ,2023,Adult,Black,Male,Ultra-Heavy,3,Airton Sousa Siqueira,CheckMat
European IBJJF Jiu-Jitsu No-Gi Championship ,2023,Adult,Black,Male,Ultra-Heavy,3,Pedro Paulo Campi Agrizzi,Striker JJ
European IBJJF Jiu-Jitsu No-Gi Championship ,2023,Adult,Black,Male,Open Class,3,Frederic Vosgröne,Carlson Gracie Team
European IBJJF Jiu-Jitsu No-Gi Championship ,2023,Adult,Black,Male,Open Class,3,Vinicius Ferreira Gazola,Alliance
European IBJJF Jiu-Jitsu No-Gi Championship ,2023,Adult,Black,Female,Light-Feather,1,Mara Kelly,BJJ Revolution Team - International
European IBJJF Jiu-Jitsu No-Gi Championship ,2023,Adult,Black,Female,Feather,1,Adele M. Fornarino,Atos Jiu-Jitsu
European IBJJF Jiu-Jitsu No-Gi Championship ,2023,Adult,Black,Female,Light,1,Maria Cláudia Almeida Silva,JS Brazilian Jiu-Jitsu
European IBJJF Jiu-Jitsu No-Gi Championship ,2023,Adult,Black,Female,Middle,1,Rosary Mary Walsh,Essential Jiu-Jitsu
European IBJJF Jiu-Jitsu No-Gi Championship ,2023,Adult,Black,Female,Medium-Heavy,1,Elizabeth Katherine Mitrovic,Alliance
European IBJJF Jiu-Jitsu No-Gi Championship ,2023,Adult,Black,Female,Heavy,1,Maria Carolina Barón Vicentini,DreamArt
European IBJJF Jiu-Jitsu No-Gi Championship ,2023,Adult,Black,Female,Super-Heavy,1,Roberta Pessoa Vieira Ribeiro,Double Five
European IBJJF Jiu-Jitsu No-Gi Championship ,2023,Adult,Black,Female,Open Class,1,Roberta Pessoa Vieira Ribeiro,Double Five
European IBJJF Jiu-Jitsu No-Gi Championship ,2023,Adult,Black,Female,Light-Feather,2,Thaís Loureiro Felipe,Atos Vitória
European IBJJF Jiu-Jitsu No-Gi Championship ,2023,Adult,Black,Female,Feather,2,Ashley Louise Bendle,Draig
European IBJJF Jiu-Jitsu No-Gi Championship ,2023,Adult,Black,Female,Light,2,Nadine Tavares da Silva,CheckMat
European IBJJF Jiu-Jitsu No-Gi Championship ,2023,Adult,Black,Female,Middle,2,Priscila Batista,Carlson Gracie Team
European IBJJF Jiu-Jitsu No-Gi Championship ,2023,Adult,Black,Female,Medium-Heavy,2,Ane N. Svendsen,GFTeam - Jiu Art
European IBJJF Jiu-Jitsu No-Gi Championship ,2023,Adult,Black,Female,Open Class,2,Ane N. Svendsen,GFTeam - Jiu Art
European IBJJF Jiu-Jitsu No-Gi Championship ,2023,Adult,Black,Female,Light-Feather,3,Fiona Middleton,Roger Gracie Academy
European IBJJF Jiu-Jitsu No-Gi Championship ,2023,Adult,Black,Female,Light-Feather,3,Nina Navid,Roger Gracie Academy
European IBJJF Jiu-Jitsu No-Gi Championship ,2023,Adult,Black,Female,Feather,3,Raquel Ferreira da Silva,ZR Team Association
European IBJJF Jiu-Jitsu No-Gi Championship ,2023,Adult,Black,Female,Feather,3,Zofia Szawernowska,Brasa CTA
European IBJJF Jiu-Jitsu No-Gi Championship ,2023,Adult,Black,Female,Light,3,Izabel Vieira Seki,Brothers Club
European IBJJF Jiu-Jitsu No-Gi Championship ,2023,Adult,Black,Female,Light,3,Suvi-tuuli Koikkalainen,Alliance
European IBJJF Jiu-Jitsu No-Gi Championship ,2023,Adult,Black,Female,Middle,3,Gabriele da Silva Schuck,ZR Team Association
European IBJJF Jiu-Jitsu No-Gi Championship ,2023,Adult,Black,Female,Middle,3,Gamila Antonia Kanew,ZR Team Association
European IBJJF Jiu-Jitsu No-Gi Championship ,2023,Adult,Black,Female,Medium-Heavy,3,Joanna B. Dineva,Gracie Humaita
European IBJJF Jiu-Jitsu No-Gi Championship ,2023,Adult,Black,Female,Medium-Heavy,3,Salla Mari Simola,Hilti BJJ Turku
European IBJJF Jiu-Jitsu No-Gi Championship ,2023,Adult,Black,Female,Open Class,3,Joanna B. Dineva,Gracie Humaita
European IBJJF Jiu-Jitsu No-Gi Championship ,2023,Adult,Black,Female,Open Class,3,Salla Mari Simola,Hilti BJJ Turku
European IBJJF Jiu-Jitsu No-Gi Championship ,2024,Adult,Black,Male,Rooster,1,Christopher Duyquan Tran,Crazy 88
European IBJJF Jiu-Jitsu No-Gi Championship ,2024,Adult,Black,Male,Light-Feather,1,Edwin Ocasio,Unity Jiu-jitsu
European IBJJF Jiu-Jitsu No-Gi Championship ,2024,Adult,Black,Male,Feather,1,José Julián  Espinosa Flores,Renzo Gracie
European IBJJF Jiu-Jitsu No-Gi Championship ,2024,Adult,Black,Male,Light,1,Yigit Hanay,Renzo Gracie
European IBJJF Jiu-Jitsu No-Gi Championship ,2024,Adult,Black,Male,Middle,1,Fabyury Khrysthyan Texeira Freitas,GF Team
European IBJJF Jiu-Jitsu No-Gi Championship ,2024,Adult,Black,Male,Medium-Heavy,1,Sebastian Rodriguez Williams,Unity Jiu-jitsu
European IBJJF Jiu-Jitsu No-Gi Championship ,2024,Adult,Black,Male,Heavy,1,Manuel Pilato,Budo Clan
European IBJJF Jiu-Jitsu No-Gi Championship ,2024,Adult,Black,Male,Super-Heavy,1,Rafael Lovato Jr.,Six Blades Jiu-Jitsu
European IBJJF Jiu-Jitsu No-Gi Championship ,2024,Adult,Black,Male,Ultra-Heavy,1,Heikki Lauri Eemil Jussila,Sigma Jiu-Jitsu
European IBJJF Jiu-Jitsu No-Gi Championship ,2024,Adult,Black,Male,Open Class,1,Gabriel Salles Muniz Almeida,CheckMat
European IBJJF Jiu-Jitsu No-Gi Championship ,2024,Adult,Black,Male,Rooster,2,John Eugene Stapleton,GF Team
European IBJJF Jiu-Jitsu No-Gi Championship ,2024,Adult,Black,Male,Light-Feather,2,Leonardo Martins de Souza,Tozi Jiu Jitsu
European IBJJF Jiu-Jitsu No-Gi Championship ,2024,Adult,Black,Male,Feather,2,Sam Matthew Mc Nally,Atos Jiu-Jitsu
European IBJJF Jiu-Jitsu No-Gi Championship ,2024,Adult,Black,Male,Light,2,Alessandro Oliveira Botelho,Melqui Galvão Jiu-jitsu
European IBJJF Jiu-Jitsu No-Gi Championship ,2024,Adult,Black,Male,Middle,2,Pierre-Olivier Leclerc,Tri-Star Montreal
European IBJJF Jiu-Jitsu No-Gi Championship ,2024,Adult,Black,Male,Medium-Heavy,2,Jeremy Paul Skinner,Absolute MMA Australia
European IBJJF Jiu-Jitsu No-Gi Championship ,2024,Adult,Black,Male,Heavy,2,Mantas Daublys,A-Force Brazilian Jiu-Jitsu International
European IBJJF Jiu-Jitsu No-Gi Championship ,2024,Adult,Black,Male,Super-Heavy,2,Jean Luca Maltese,Alliance
European IBJJF Jiu-Jitsu No-Gi Championship ,2024,Adult,Black,Male,Ultra-Heavy,2,Andrzej Iwat,Academia Gorila
European IBJJF Jiu-Jitsu No-Gi Championship ,2024,Adult,Black,Male,Open Class,2,Frederic Leonhard Vosgröne,Carlson Gracie Team
European IBJJF Jiu-Jitsu No-Gi Championship ,2024,Adult,Black,Male,Rooster,3,Denis Gerrit Lee Beenen,Open Mat Mixed Martial Arts
European IBJJF Jiu-Jitsu No-Gi Championship ,2024,Adult,Black,Male,Rooster,3,Weslei Kellisson Silva Costa,Amazon School - Escola de Jiu Jitsu
European IBJJF Jiu-Jitsu No-Gi Championship ,2024,Adult,Black,Male,Light-Feather,3,Daniël de Groot,CheckMat
European IBJJF Jiu-Jitsu No-Gi Championship ,2024,Adult,Black,Male,Light-Feather,3,Lucas Tomas Canto,Cohab Chile
European IBJJF Jiu-Jitsu No-Gi Championship ,2024,Adult,Black,Male,Feather,3,Anthony Guy De Oliveira,D.O.A. Jiu-Jitsu
European IBJJF Jiu-Jitsu No-Gi Championship ,2024,Adult,Black,Male,Feather,3,Marius Florin Spac,Six Blades Jiu-Jitsu
European IBJJF Jiu-Jitsu No-Gi Championship ,2024,Adult,Black,Male,Light,3,Jed Gary Sang-Hue,Grand Union Jiu-Jitsu
European IBJJF Jiu-Jitsu No-Gi Championship ,2024,Adult,Black,Male,Light,3,Rafal Farjaszewski,Academia Gorila
European IBJJF Jiu-Jitsu No-Gi Championship ,2024,Adult,Black,Male,Middle,3,Ellis Reece Younger,ECJJA
European IBJJF Jiu-Jitsu No-Gi Championship ,2024,Adult,Black,Male,Middle,3,Kieran Robert Kichuk,B Team
European IBJJF Jiu-Jitsu No-Gi Championship ,2024,Adult,Black,Male,Medium-Heavy,3,Austin Caine Oranday,Alliance
European IBJJF Jiu-Jitsu No-Gi Championship ,2024,Adult,Black,Male,Medium-Heavy,3,Shane L. Fishman,ECJJA
European IBJJF Jiu-Jitsu No-Gi Championship ,2024,Adult,Black,Male,Heavy,3,Caio Viturino de Mendonça,CheckMat
European IBJJF Jiu-Jitsu No-Gi Championship ,2024,Adult,Black,Male,Heavy,3,Jose Jurema Nascimento de Carvalho,CheckMat
European IBJJF Jiu-Jitsu No-Gi Championship ,2024,Adult,Black,Male,Super-Heavy,3,Gabriel Salles Muniz Almeida,CheckMat
European IBJJF Jiu-Jitsu No-Gi Championship ,2024,Adult,Black,Male,Super-Heavy,3,Thomas Bracher,Atos Jiu-Jitsu
European IBJJF Jiu-Jitsu No-Gi Championship ,2024,Adult,Black,Male,Ultra-Heavy,3,Luc Pierre Marcel Rousseau,Roger Gracie Academy
European IBJJF Jiu-Jitsu No-Gi Championship ,2024,Adult,Black,Male,Ultra-Heavy,3,Lukasz Janeczek,Academia Gorila
European IBJJF Jiu-Jitsu No-Gi Championship ,2024,Adult,Black,Male,Open Class,3,Anthony Michael Robinson,Richardson BJJ
European IBJJF Jiu-Jitsu No-Gi Championship ,2024,Adult,Black,Male,Open Class,3,Heikki Lauri Eemil Jussila,Sigma Jiu-Jitsu
European IBJJF Jiu-Jitsu No-Gi Championship ,2024,Adult,Black,Female,Light-Feather,1,Scout S. S. Feitosa Pereira,Carlson Gracie Team
European IBJJF Jiu-Jitsu No-Gi Championship ,2024,Adult,Black,Female,Feather,1,Raquel Ferreira da Silva,ZR Team Association
European IBJJF Jiu-Jitsu No-Gi Championship ,2024,Adult,Black,Female,Light,1,Julia Maele,OXY
European IBJJF Jiu-Jitsu No-Gi Championship ,2024,Adult,Black,Female,Middle,1,Brianna Ste-Marie,Brazilian Top Team
European IBJJF Jiu-Jitsu No-Gi Championship ,2024,Adult,Black,Female,Medium-Heavy,1,Aurélie Le Vern,Six Blades Jiu-Jitsu
European IBJJF Jiu-Jitsu No-Gi Championship ,2024,Adult,Black,Female,Heavy,1,Anabel Lopez Beard,CheckMat
European IBJJF Jiu-Jitsu No-Gi Championship ,2024,Adult,Black,Female,Open Class,1,Aurélie Le Vern,Six Blades Jiu-Jitsu
European IBJJF Jiu-Jitsu No-Gi Championship ,2024,Adult,Black,Female,Feather,2,Emily Rosalynn Nicholson,AOJ
European IBJJF Jiu-Jitsu No-Gi Championship ,2024,Adult,Black,Female,Light,2,Suvi-Tuuli Susanna Koikkalainen,Alliance
European IBJJF Jiu-Jitsu No-Gi Championship ,2024,Adult,Black,Female,Middle,2,Rosary Mary Walsh,Atos Jiu-Jitsu
European IBJJF Jiu-Jitsu No-Gi Championship ,2024,Adult,Black,Female,Medium-Heavy,2,Ane N. Svendsen,Mavs
European IBJJF Jiu-Jitsu No-Gi Championship ,2024,Adult,Black,Female,Heavy,2,Nia Vivienne Blackman,Royal Jiu-Jitsu
European IBJJF Jiu-Jitsu No-Gi Championship ,2024,Adult,Black,Female,Open Class,2,Anabel Lopez Beard,CheckMat
European IBJJF Jiu-Jitsu No-Gi Championship ,2024,Adult,Black,Female,Feather,3,Ashley Louise Bendle,Roger Gracie Academy
European IBJJF Jiu-Jitsu No-Gi Championship ,2024,Adult,Black,Female,Feather,3,Lorena Balli,Double Five
European IBJJF Jiu-Jitsu No-Gi Championship ,2024,Adult,Black,Female,Light,3,Izabel Vieira Seki,CheckMat
European IBJJF Jiu-Jitsu No-Gi Championship ,2024,Adult,Black,Female,Light,3,Zofia Szawernowska,Brasa Poland
European IBJJF Jiu-Jitsu No-Gi Championship ,2024,Adult,Black,Female,Middle,3,Antonia Gamila Kanew,ZR Team Association
European IBJJF Jiu-Jitsu No-Gi Championship ,2024,Adult,Black,Female,Middle,3,Vannessa Nancy Griffin,Crazy 88
European IBJJF Jiu-Jitsu No-Gi Championship ,2024,Adult,Black,Female,Medium-Heavy,3,Amanda Pamela Nicole Schurtz,ECJJA
European IBJJF Jiu-Jitsu No-Gi Championship ,2024,Adult,Black,Female,Medium-Heavy,3,Salla Mari Simola,Hilti BJJ Turku
European IBJJF Jiu-Jitsu No-Gi Championship ,2024,Adult,Black,Female,Heavy,3,Bridget Grace Mceliece,Renzo Gracie
European IBJJF Jiu-Jitsu No-Gi Championship ,2024,Adult,Black,Female,Heavy,3,Elizabeth Katherine Mitrovic,Alliance
European IBJJF Jiu-Jitsu No-Gi Championship ,2024,Adult,Black,Female,Open Class,3,Ane N. Svendsen,Mavs
European IBJJF Jiu-Jitsu No-Gi Championship ,2024,Adult,Black,Female,Open Class,3,Salla Mari Simola,Hilti BJJ Turku
European IBJJF Jiu-Jitsu No-Gi Championship ,2025,Adult,Black,Male,Rooster,1,Shay Ananda Montague,ECJJA
European IBJJF Jiu-Jitsu No-Gi Championship ,2025,Adult,Black,Male,Light-Feather,1,Vinicius Gomes Inacio,Atos Jiu-Jitsu
European IBJJF Jiu-Jitsu No-Gi Championship ,2025,Adult,Black,Male,Feather,1,Ashley Jordan Williams,Draig
European IBJJF Jiu-Jitsu No-Gi Championship ,2025,Adult,Black,Male,Light,1,José Julián  Espinosa Flores,Renzo Gracie Vienna
European IBJJF Jiu-Jitsu No-Gi Championship ,2025,Adult,Black,Male,Middle,1,Tarik Hopstock,Frontline Academy
European IBJJF Jiu-Jitsu No-Gi Championship ,2025,Adult,Black,Male,Medium-Heavy,1,Pawel Kacper Jaworski,Academia Gorila
European IBJJF Jiu-Jitsu No-Gi Championship ,2025,Adult,Black,Male,Heavy,1,Faris Dean Benlamkadem,Los Banditos
European IBJJF Jiu-Jitsu No-Gi Championship ,2025,Adult,Black,Male,Super-Heavy,1,Jorge Gabriel Pereira da Silva,Gracie Barra
European IBJJF Jiu-Jitsu No-Gi Championship ,2025,Adult,Black,Male,Ultra-Heavy,1,Tito Jonathan carle,Grappling Education
European IBJJF Jiu-Jitsu No-Gi Championship ,2025,Adult,Black,Male,Open Class,1,Pawel Kacper Jaworski,Academia Gorila
European IBJJF Jiu-Jitsu No-Gi Championship ,2025,Adult,Black,Male,Rooster,2,Riki Yoshinaga,Tri-Force Jiu-Jitsu Academy
European IBJJF Jiu-Jitsu No-Gi Championship ,2025,Adult,Black,Male,Light-Feather,2,Edwin Ocasio,Unity Jiu-jitsu
European IBJJF Jiu-Jitsu No-Gi Championship ,2025,Adult,Black,Male,Feather,2,Noah Isiah Gutierrez,Jiu-Jitsu Methods
European IBJJF Jiu-Jitsu No-Gi Championship ,2025,Adult,Black,Male,Light,2,Yigit Hanay,Renzo Gracie Vienna
European IBJJF Jiu-Jitsu No-Gi Championship ,2025,Adult,Black,Male,Middle,2,Kieran Robert Kichuk,Cicero Costha Europe
European IBJJF Jiu-Jitsu No-Gi Championship ,2025,Adult,Black,Male,Medium-Heavy,2,Shane L. Fishman,ECJJA
European IBJJF Jiu-Jitsu No-Gi Championship ,2025,Adult,Black,Male,Heavy,2,Karol Zbigniew Kania,Rio Grappling Club
European IBJJF Jiu-Jitsu No-Gi Championship ,2025,Adult,Black,Male,Super-Heavy,2,Neocicero Barbosa,OLD DOG TEAM PORTUGAL
European IBJJF Jiu-Jitsu No-Gi Championship ,2025,Adult,Black,Male,Ultra-Heavy,2,Alexander Sak,Europe Nova Jiu-Jitsu Team
European IBJJF Jiu-Jitsu No-Gi Championship ,2025,Adult,Black,Male,Open Class,2,Jean Luca Maltese,Alliance
European IBJJF Jiu-Jitsu No-Gi Championship ,2025,Adult,Black,Male,Rooster,3,Denis Gerrit Lee Beenen,Open Mat Mixed Martial Arts
European IBJJF Jiu-Jitsu No-Gi Championship ,2025,Adult,Black,Male,Rooster,3,Weslei Kellisson Silva Costa,Amazon School - Escola de Jiu Jitsu
European IBJJF Jiu-Jitsu No-Gi Championship ,2025,Adult,Black,Male,Light-Feather,3,Daniël de Groot,CheckMat
European IBJJF Jiu-Jitsu No-Gi Championship ,2025,Adult,Black,Male,Light-Feather,3,Lucas Feitosa Pereira Bosshard,Carlson Gracie Team
European IBJJF Jiu-Jitsu No-Gi Championship ,2025,Adult,Black,Male,Feather,3,Alessio Sacchetti,Rio Grappling Club
European IBJJF Jiu-Jitsu No-Gi Championship ,2025,Adult,Black,Male,Feather,3,Kamil Lukasz Wilk,Zenith BJJ
European IBJJF Jiu-Jitsu No-Gi Championship ,2025,Adult,Black,Male,Light,3,Gian Paul Grippo,Bodega Jiu-Jitsu
European IBJJF Jiu-Jitsu No-Gi Championship ,2025,Adult,Black,Male,Light,3,Yonathan Ernesto Cárdenas Macias,Ares BJJ
European IBJJF Jiu-Jitsu No-Gi Championship ,2025,Adult,Black,Male,Middle,3,Omer Emanoely,CheckMat International
European IBJJF Jiu-Jitsu No-Gi Championship ,2025,Adult,Black,Male,Middle,3,Thomas Rees Benjamin Barry,Roger Gracie Academy
European IBJJF Jiu-Jitsu No-Gi Championship ,2025,Adult,Black,Male,Medium-Heavy,3,Andre Ygor Pereira de Brito,Nova União
European IBJJF Jiu-Jitsu No-Gi Championship ,2025,Adult,Black,Male,Medium-Heavy,3,Vilhjálmur Ingi Arnarsson,Jay Pages Association - Europe
European IBJJF Jiu-Jitsu No-Gi Championship ,2025,Adult,Black,Male,Heavy,3,Lucas Dias da Silva,Atos Jiu-Jitsu
European IBJJF Jiu-Jitsu No-Gi Championship ,2025,Adult,Black,Male,Heavy,3,Matheus Vetoraci de Menezes,Blvckout Grappling
European IBJJF Jiu-Jitsu No-Gi Championship ,2025,Adult,Black,Male,Super-Heavy,3,Adam Nabawy,ZR Team Association
European IBJJF Jiu-Jitsu No-Gi Championship ,2025,Adult,Black,Male,Super-Heavy,3,Moritz Koellensperger,ECJJA
European IBJJF Jiu-Jitsu No-Gi Championship ,2025,Adult,Black,Male,Ultra-Heavy,3,Mikael Eric Peter Dennis Hoffman,CheckMat
European IBJJF Jiu-Jitsu No-Gi Championship ,2025,Adult,Black,Male,Ultra-Heavy,3,Vinicius dos Santos Izidoro,Milioli-aebrothers
European IBJJF Jiu-Jitsu No-Gi Championship ,2025,Adult,Black,Male,Open Class,3,Clay Landon Mayfield,Pedigo Submission Fighting
European IBJJF Jiu-Jitsu No-Gi Championship ,2025,Adult,Black,Male,Open Class,3,Heikki Lauri Eemil Jussila,Sigma Jiu-Jitsu
European IBJJF Jiu-Jitsu No-Gi Championship ,2025,Adult,Black,Female,Rooster,1,Thaís Loureiro Felipe,Atos Jiu-Jitsu
European IBJJF Jiu-Jitsu No-Gi Championship ,2025,Adult,Black,Female,Light-Feather,1,Mayssa Caldas Pereira Bastos,AOJ
European IBJJF Jiu-Jitsu No-Gi Championship ,2025,Adult,Black,Female,Feather,1,Ana Mayordomo Garcia,Kingsway Jiu-Jitsu
European IBJJF Jiu-Jitsu No-Gi Championship ,2025,Adult,Black,Female,Light,1,Brianna Ste-Marie,Mizu Studio
European IBJJF Jiu-Jitsu No-Gi Championship ,2025,Adult,Black,Female,Middle,1,Injana Greta Goodman,Grapple Collective
European IBJJF Jiu-Jitsu No-Gi Championship ,2025,Adult,Black,Female,Medium-Heavy,1,Salla Mari Simola,Hilti BJJ Turku
European IBJJF Jiu-Jitsu No-Gi Championship ,2025,Adult,Black,Female,Heavy,1,Paige Ivette Borras,Legion American Jiu-Jitsu
European IBJJF Jiu-Jitsu No-Gi Championship ,2025,Adult,Black,Female,Super-Heavy,1,Gabrieli Pessanha de Souza Marinho,Infight JJ
European IBJJF Jiu-Jitsu No-Gi Championship ,2025,Adult,Black,Female,Open Class,1,Gabrieli Pessanha de Souza Marinho,Infight JJ
European IBJJF Jiu-Jitsu No-Gi Championship ,2025,Adult,Black,Female,Rooster,2,Mariana Cabral Rolszt,Gracie Humaita South Bay
European IBJJF Jiu-Jitsu No-Gi Championship ,2025,Adult,Black,Female,Light-Feather,2,Esther Rose Garwood,Carlson Gracie Team
European IBJJF Jiu-Jitsu No-Gi Championship ,2025,Adult,Black,Female,Feather,2,Liisi Vaht,Marcio Silva Brazilian Jiu-Jitsu Team
European IBJJF Jiu-Jitsu No-Gi Championship ,2025,Adult,Black,Female,Light,2,Amanda Dean Bruse,Atos JJ International
European IBJJF Jiu-Jitsu No-Gi Championship ,2025,Adult,Black,Female,Middle,2,Julia Maele,OXY
European IBJJF Jiu-Jitsu No-Gi Championship ,2025,Adult,Black,Female,Medium-Heavy,2,Ane N. Svendsen,Mavs
European IBJJF Jiu-Jitsu No-Gi Championship ,2025,Adult,Black,Female,Heavy,2,Laura Louise Barker,Royal Jiu-Jitsu
European IBJJF Jiu-Jitsu No-Gi Championship ,2025,Adult,Black,Female,Open Class,2,Injana Greta Goodman,Grapple Collective
European IBJJF Jiu-Jitsu No-Gi Championship ,2025,Adult,Black,Female,Light-Feather,3,Josefine Beatrice Modig,CheckMat
European IBJJF Jiu-Jitsu No-Gi Championship ,2025,Adult,Black,Female,Light-Feather,3,Laura Peretti,JS Brazilian Jiu-Jitsu
European IBJJF Jiu-Jitsu No-Gi Championship ,2025,Adult,Black,Female,Feather,3,Martina  Zola,Grapple Collective
European IBJJF Jiu-Jitsu No-Gi Championship ,2025,Adult,Black,Female,Feather,3,Mona Maree Bailey,Carlson Gracie Team
European IBJJF Jiu-Jitsu No-Gi Championship ,2025,Adult,Black,Female,Light,3,Amanda Pamela Nicole Schurtz,ECJJA
European IBJJF Jiu-Jitsu No-Gi Championship ,2025,Adult,Black,Female,Light,3,Maria Cláudia Almeida Silva,Infight JJ
European IBJJF Jiu-Jitsu No-Gi Championship ,2025,Adult,Black,Female,Middle,3,Nadia Frankland,Atos Jiu-Jitsu
European IBJJF Jiu-Jitsu No-Gi Championship ,2025,Adult,Black,Female,Middle,3,Rosary Mary Walsh,Essential Jiu-Jitsu
European IBJJF Jiu-Jitsu No-Gi Championship ,2025,Adult,Black,Female,Medium-Heavy,3,Jessika Maria Torttila,Sigma Jiu-Jitsu
European IBJJF Jiu-Jitsu No-Gi Championship ,2025,Adult,Black,Female,Medium-Heavy,3,Nia Vivienne Blackman,Royal Jiu-Jitsu
European IBJJF Jiu-Jitsu No-Gi Championship ,2025,Adult,Black,Female,Open Class,3,Julia Maele,OXY
European IBJJF Jiu-Jitsu No-Gi Championship ,2025,Adult,Black,Female,Open Class,3,Nadia Frankland,Atos Jiu-Jitsu
